{
  "name": "scene5",
  "maxRecursionLevel": 6,
  "antiAliasingFactor": 1,
  "renderRefarctions": true,
  "renderReflections": true,
  "camera": {
    "p0": {
      "x": 0.0,
      "y": 0.0,
      "z": 2.0
    },
    "VTowards": {
      "x": 0.0,
      "y": 0.0,
      "z": -1.0
    },
    "VRight": {
      "x": 0.7071067811865475,
      "y": -0.7071067811865475,
      "z": 0.0
    },
    "Vup": {
      "x": 0.7071067811865476,
      "y": 0.7071067811865476,
      "z": 0.0
    },
    "imageCenter": {
      "x": 0.0,
      "y": 0.0,
      "z": 1.0
    },
    "plainWidth": 2.0,
    "Rx": 200.0,
    "Ry": 200.0
  },
  "ambient": {
    "x": 1.0,
    "y": 1.0,
    "z": 1.0
  },
  "backgroundColor": {
    "x": 0.0,
    "y": 0.5,
    "z": 1.0
  },
  "lightSources": [
    {
      "CLASSNAME": "edu.cg.scene.lightSources.DirectionalLight",
      "DATA": {
        "direction": {
          "x": 0.0,
          "y": 0.0,
          "z": -1.0
        },
        "intensity": {
          "x": 0.7,
          "y": 0.7,
          "z": 0.7
        }
      }
    }
  ],
  "surfaces": [
    {
      "shape": {
        "CLASSNAME": "edu.cg.scene.objects.Sphere",
        "DATA": {
          "center": {
            "x": 0.5,
            "y": 0.5,
            "z": 0.5
          },
          "radius": 0.5
        }
      },
      "material": {
        "Ka": {
          "x": 0.9526514930894286,
          "y": 0.5300058644043407,
          "z": 0.9019937394475412
        },
        "Kd": {
          "x": 0.9526514930894286,
          "y": 0.5300058644043407,
          "z": 0.9019937394475412
        },
        "Ks": {
          "x": 0.18830673224554034,
          "y": 0.18830673224554034,
          "z": 0.18830673224554034
        },
        "reflectionIntensity": 0.0,
        "shininess": 10,
        "isTransparent": false,
        "refractionIntensity": 0.3,
        "refractionIndex": 1.5
      }
    },
    {
      "shape": {
        "CLASSNAME": "edu.cg.scene.objects.Sphere",
        "DATA": {
          "center": {
            "x": -0.5,
            "y": 0.5,
            "z": 0.5
          },
          "radius": 0.5
        }
      },
      "material": {
        "Ka": {
          "x": 0.11517889396463576,
          "y": 0.6274278947583568,
          "z": 0.28364812219604274
        },
        "Kd": {
          "x": 0.11517889396463576,
          "y": 0.6274278947583568,
          "z": 0.28364812219604274
        },
        "Ks": {
          "x": 0.059343788704612266,
          "y": 0.059343788704612266,
          "z": 0.059343788704612266
        },
        "reflectionIntensity": 0.0,
        "shininess": 10,
        "isTransparent": true,
        "refractionIntensity": 0.3140155636988376,
        "refractionIndex": 1.5209274393991874
      }
    },
    {
      "shape": {
        "CLASSNAME": "edu.cg.scene.objects.Sphere",
        "DATA": {
          "center": {
            "x": 0.5,
            "y": -0.5,
            "z": 0.5
          },
          "radius": 0.5
        }
      },
      "material": {
        "Ka": {
          "x": 0.4502196515442335,
          "y": 0.35584822479538203,
          "z": 0.47830955034227673
        },
        "Kd": {
          "x": 0.4502196515442335,
          "y": 0.35584822479538203,
          "z": 0.47830955034227673
        },
        "Ks": {
          "x": 0.1456898341304554,
          "y": 0.1456898341304554,
          "z": 0.1456898341304554
        },
        "reflectionIntensity": 0.07462578635984246,
        "shininess": 10,
        "isTransparent": true,
        "refractionIntensity": 0.4963888797690946,
        "refractionIndex": 1.007984997186584
      }
    },
    {
      "shape": {
        "CLASSNAME": "edu.cg.scene.objects.Sphere",
        "DATA": {
          "center": {
            "x": -0.5,
            "y": -0.5,
            "z": 0.5
          },
          "radius": 0.5
        }
      },
      "material": {
        "Ka": {
          "x": 0.5974383663280483,
          "y": 0.4117937578619487,
          "z": 0.08797413646270946
        },
        "Kd": {
          "x": 0.5974383663280483,
          "y": 0.4117937578619487,
          "z": 0.08797413646270946
        },
        "Ks": {
          "x": 0.3794570829562272,
          "y": 0.3794570829562272,
          "z": 0.3794570829562272
        },
        "reflectionIntensity": 0.08841761036166501,
        "shininess": 10,
        "isTransparent": true,
        "refractionIntensity": 1.677620965542248E-4,
        "refractionIndex": 1.459843739407901
      }
    }
  ]
}