{
  "name": "scene5",
  "maxRecursionLevel": 6,
  "antiAliasingFactor": 1,
  "renderRefarctions": true,
  "renderReflections": true,
  "camera": {
    "p0": {
      "x": 0.0,
      "y": 0.0,
      "z": 2.0
    },
    "VTowards": {
      "x": 0.0,
      "y": 0.0,
      "z": -1.0
    },
    "VRight": {
      "x": 0.7071067811865475,
      "y": -0.7071067811865475,
      "z": 0.0
    },
    "Vup": {
      "x": 0.7071067811865476,
      "y": 0.7071067811865476,
      "z": 0.0
    },
    "imageCenter": {
      "x": 0.0,
      "y": 0.0,
      "z": 1.0
    },
    "plainWidth": 2.0,
    "Rx": 200.0,
    "Ry": 200.0
  },
  "ambient": {
    "x": 1.0,
    "y": 1.0,
    "z": 1.0
  },
  "backgroundColor": {
    "x": 0.0,
    "y": 0.5,
    "z": 1.0
  },
  "lightSources": [
    {
      "CLASSNAME": "edu.cg.scene.lightSources.DirectionalLight",
      "DATA": {
        "direction": {
          "x": 0.0,
          "y": 0.0,
          "z": -1.0
        },
        "intensity": {
          "x": 0.7,
          "y": 0.7,
          "z": 0.7
        }
      }
    }
  ],
  "surfaces": [
    {
      "shape": {
        "CLASSNAME": "edu.cg.scene.objects.Sphere",
        "DATA": {
          "center": {
            "x": 0.5,
            "y": 0.5,
            "z": 0.5
          },
          "radius": 0.5
        }
      },
      "material": {
        "Ka": {
          "x": 0.9963813205076677,
          "y": 0.7941983944594656,
          "z": 0.06129239031146361
        },
        "Kd": {
          "x": 0.9963813205076677,
          "y": 0.7941983944594656,
          "z": 0.06129239031146361
        },
        "Ks": {
          "x": 0.21283789249863927,
          "y": 0.21283789249863927,
          "z": 0.21283789249863927
        },
        "reflectionIntensity": 0.0,
        "shininess": 10,
        "isTransparent": false,
        "refractionIntensity": 0.3,
        "refractionIndex": 1.5
      }
    },
    {
      "shape": {
        "CLASSNAME": "edu.cg.scene.objects.Sphere",
        "DATA": {
          "center": {
            "x": -0.5,
            "y": 0.5,
            "z": 0.5
          },
          "radius": 0.5
        }
      },
      "material": {
        "Ka": {
          "x": 0.18716159382729103,
          "y": 0.5628919835229098,
          "z": 0.04184783169972528
        },
        "Kd": {
          "x": 0.18716159382729103,
          "y": 0.5628919835229098,
          "z": 0.04184783169972528
        },
        "Ks": {
          "x": 0.1178336943013783,
          "y": 0.1178336943013783,
          "z": 0.1178336943013783
        },
        "reflectionIntensity": 0.0,
        "shininess": 10,
        "isTransparent": true,
        "refractionIntensity": 0.1353517387477099,
        "refractionIndex": 1.7676845296335024
      }
    },
    {
      "shape": {
        "CLASSNAME": "edu.cg.scene.objects.Sphere",
        "DATA": {
          "center": {
            "x": 0.5,
            "y": -0.5,
            "z": 0.5
          },
          "radius": 0.5
        }
      },
      "material": {
        "Ka": {
          "x": 0.021710627399884164,
          "y": 0.3304150556394093,
          "z": 0.33985467390269075
        },
        "Kd": {
          "x": 0.021710627399884164,
          "y": 0.3304150556394093,
          "z": 0.33985467390269075
        },
        "Ks": {
          "x": 0.24603451213004113,
          "y": 0.24603451213004113,
          "z": 0.24603451213004113
        },
        "reflectionIntensity": 0.31209412003480635,
        "shininess": 10,
        "isTransparent": false,
        "refractionIntensity": 0.3,
        "refractionIndex": 1.5
      }
    },
    {
      "shape": {
        "CLASSNAME": "edu.cg.scene.objects.Sphere",
        "DATA": {
          "center": {
            "x": -0.5,
            "y": -0.5,
            "z": 0.5
          },
          "radius": 0.5
        }
      },
      "material": {
        "Ka": {
          "x": 0.30929623961969577,
          "y": 0.1455814413127401,
          "z": 0.10233570193795427
        },
        "Kd": {
          "x": 0.30929623961969577,
          "y": 0.1455814413127401,
          "z": 0.10233570193795427
        },
        "Ks": {
          "x": 0.12177010979677622,
          "y": 0.12177010979677622,
          "z": 0.12177010979677622
        },
        "reflectionIntensity": 0.0,
        "shininess": 10,
        "isTransparent": true,
        "refractionIntensity": 0.25199092291830033,
        "refractionIndex": 1.6956520182226416
      }
    }
  ]
}