{
  "name": "scene5",
  "maxRecursionLevel": 6,
  "antiAliasingFactor": 1,
  "renderRefarctions": true,
  "renderReflections": true,
  "camera": {
    "p0": {
      "x": 0.0,
      "y": 0.0,
      "z": 2.0
    },
    "VTowards": {
      "x": 0.0,
      "y": 0.0,
      "z": -1.0
    },
    "VRight": {
      "x": 0.7071067811865475,
      "y": -0.7071067811865475,
      "z": 0.0
    },
    "Vup": {
      "x": 0.7071067811865476,
      "y": 0.7071067811865476,
      "z": 0.0
    },
    "imageCenter": {
      "x": 0.0,
      "y": 0.0,
      "z": 1.0
    },
    "plainWidth": 2.0,
    "Rx": 200.0,
    "Ry": 200.0
  },
  "ambient": {
    "x": 1.0,
    "y": 1.0,
    "z": 1.0
  },
  "backgroundColor": {
    "x": 0.0,
    "y": 0.5,
    "z": 1.0
  },
  "lightSources": [
    {
      "CLASSNAME": "edu.cg.scene.lightSources.DirectionalLight",
      "DATA": {
        "direction": {
          "x": 0.0,
          "y": 0.0,
          "z": -1.0
        },
        "intensity": {
          "x": 0.7,
          "y": 0.7,
          "z": 0.7
        }
      }
    }
  ],
  "surfaces": [
    {
      "shape": {
        "CLASSNAME": "edu.cg.scene.objects.Sphere",
        "DATA": {
          "center": {
            "x": 0.5,
            "y": 0.5,
            "z": 0.5
          },
          "radius": 0.5
        }
      },
      "material": {
        "Ka": {
          "x": 0.7139233850256858,
          "y": 0.9025813097927454,
          "z": 0.16244519644848954
        },
        "Kd": {
          "x": 0.7139233850256858,
          "y": 0.9025813097927454,
          "z": 0.16244519644848954
        },
        "Ks": {
          "x": 0.14646201657206198,
          "y": 0.14646201657206198,
          "z": 0.14646201657206198
        },
        "reflectionIntensity": 0.23190879780038104,
        "shininess": 10,
        "isTransparent": true,
        "refractionIntensity": 0.011802306589971723,
        "refractionIndex": 1.369081062645112
      }
    },
    {
      "shape": {
        "CLASSNAME": "edu.cg.scene.objects.Sphere",
        "DATA": {
          "center": {
            "x": -0.5,
            "y": 0.5,
            "z": 0.5
          },
          "radius": 0.5
        }
      },
      "material": {
        "Ka": {
          "x": 0.1,
          "y": 0.1,
          "z": 0.1
        },
        "Kd": {
          "x": 0.1,
          "y": 0.1,
          "z": 0.1
        },
        "Ks": {
          "x": 0.1,
          "y": 0.1,
          "z": 0.1
        },
        "reflectionIntensity": 0.8,
        "shininess": 3,
        "isTransparent": true,
        "refractionIntensity": 0.2,
        "refractionIndex": 1.5
      }
    },
    {
      "shape": {
        "CLASSNAME": "edu.cg.scene.objects.Sphere",
        "DATA": {
          "center": {
            "x": 0.5,
            "y": -0.5,
            "z": 0.5
          },
          "radius": 0.5
        }
      },
      "material": {
        "Ka": {
          "x": 0.2355981539472336,
          "y": 0.4043305456642521,
          "z": 0.2739650838728406
        },
        "Kd": {
          "x": 0.2355981539472336,
          "y": 0.4043305456642521,
          "z": 0.2739650838728406
        },
        "Ks": {
          "x": 0.1868390589934888,
          "y": 0.1868390589934888,
          "z": 0.1868390589934888
        },
        "reflectionIntensity": 0.1994089857784747,
        "shininess": 10,
        "isTransparent": true,
        "refractionIntensity": 0.25879176231422923,
        "refractionIndex": 1.1270838326602384
      }
    },
    {
      "shape": {
        "CLASSNAME": "edu.cg.scene.objects.Sphere",
        "DATA": {
          "center": {
            "x": -0.5,
            "y": -0.5,
            "z": 0.5
          },
          "radius": 0.5
        }
      },
      "material": {
        "Ka": {
          "x": 0.8892267824913986,
          "y": 0.12034314092775011,
          "z": 0.37502220558932486
        },
        "Kd": {
          "x": 0.8892267824913986,
          "y": 0.12034314092775011,
          "z": 0.37502220558932486
        },
        "Ks": {
          "x": 0.1602547685363756,
          "y": 0.1602547685363756,
          "z": 0.1602547685363756
        },
        "reflectionIntensity": 0.1586067764776511,
        "shininess": 10,
        "isTransparent": false,
        "refractionIntensity": 0.3,
        "refractionIndex": 1.5
      }
    }
  ]
}